{
  "appId": "com.empiredefense.game",
  "productName": "Empire Defense",
  "directories": {
    "output": "electron-dist"
  },
  "files": [
    "dist/**/*",
    "electron/main.js",
    "node_modules/**/*",
    "package.json"
  ],
  "main": "electron/main.js",
  "extraResources": [
    {
      "from": "generated-icon.png",
      "to": "generated-icon.png"
    }
  ],
  "win": {
    "target": [
      {
        "target": "nsis",
        "arch": ["x64"]
      }
    ],
    "icon": "generated-icon.png",
    "artifactName": "Empire-Defense-Setup-${version}.${ext}"
  },
  "nsis": {
    "oneClick": false,
    "allowToChangeInstallationDirectory": true,
    "createDesktopShortcut": true,
    "createStartMenuShortcut": true,
    "shortcutName": "Empire Defense"
  },
  "mac": {
    "target": [
      {
        "target": "dmg",
        "arch": ["x64", "arm64"]
      }
    ],
    "icon": "generated-icon.png",
    "category": "public.app-category.games"
  },
  "linux": {
    "target": [
      {
        "target": "AppImage",
        "arch": ["x64"]
      }
    ],
    "icon": "generated-icon.png",
    "category": "Game"
  }
}