{
  "name": "empire-defense",
  "version": "1.0.0",
  "description": "Empire Defense - Thronefall + Rise of Kingdoms combined strategy game",
  "main": "electron/main.js",
  "homepage": "./",
  "author": "Empire Defense Team",
  "license": "MIT",
  "private": true,
  "build": {
    "appId": "com.empiredefense.game",
    "productName": "Empire Defense",
    "directories": {
      "output": "electron-dist"
    },
    "files": [
      "dist/**/*",
      "electron/main.js",
      "node_modules/**/*"
    ],
    "win": {
      "target": [
        {
          "target": "nsis",
          "arch": ["x64"]
        }
      ],
      "icon": "generated-icon.png"
    },
    "nsis": {
      "oneClick": false,
      "allowToChangeInstallationDirectory": true,
      "createDesktopShortcut": true,
      "createStartMenuShortcut": true
    }
  }
}